date,task,count,target_url,note
2026-06-26,reply,1,,
2026-06-26,like,5,,
2026-06-26,reply,1,,@tokisaki_hentai 収支嘆き投稿に共感リプ
2026-06-27,reply,1,,@1989_gj 1パチ大当たり報告に祝福リプ
2026-06-27,reply,1,,@PokeGoSKYYRED エヴァ神台報告に祝福リプ
2026-06-27,reply,1,https://x.com/hitoppe_2,シンフォ撤去嘆き投稿への共感リプ
2026-06-27,like,10,,
2026-06-27,follow,3,,
2026-06-27,reply,1,https://x.com/prowaa,わーさん確率論続行判断_同意+記録の問い
2026-06-27,reply,1,https://x.com/Pachislo_Skun7,Sくん回転率記録_あるある言語化+メモ問い
2026-06-27,reply,1,https://x.com/おじねこ,期待値プラス展開負け_あるある言語化
2026-06-28,reply,1,https://x.com/Pachislo_Skun7,Sくん2往復目_記憶vs記録の言語化
2026-06-28,like,10,,
2026-06-28,follow,1,,
2026-06-30,reply,1,https://x.com/vhtfFDMpAO31113,一次情報追加+狭い質問_ありす
2026-06-30,reply,1,https://x.com/matutakenet,期待値vs展開_まつたけ
2026-06-30,like,6,,
2026-06-30,follow,2,,
2026-06-30,reply,1,https://x.com/pinky07643969,同意+一歩+狭い質問_デカへそ
2026-06-30,reply,1,https://x.com/kitaichi117,機種配分8:2_おじねこ
2026-06-30,reply,1,https://x.com/PokeGoSKYYRED,7ヶ月脱落_スカイレッド
2026-06-30,like,4,,
2026-06-30,follow,1,,
